<application>
  <component name="AdvancedSettings">
    <option name="settings">
      <map>
        <entry key="confirm.rerun.with.termination" value="false" />
        <entry key="documentation.components.enable.highlighting.of.links" value="true" />
        <entry key="documentation.components.enable.inline.code.highlighting" value="AS_DEFAULT_CODE" />
        <entry key="floating.codeToolbar.hide" value="true" />
        <entry key="se.text.search" value="true" />
      </map>
    </option>
  </component>
</application>