<application>
  <component name="com.intellij.ide.ui.customization.CustomActionsSchema">
    <group value="SettingsEntryPoint" is_group="true" forse_popup="false" action_type="-1" position="6">
      <path value="root" />
      <path value="Main Toolbar" />
      <path value="Right" />
    </group>
    <group value="SearchEverywhere" is_action="true" action_type="-1" position="5">
      <path value="root" />
      <path value="Main Toolbar" />
      <path value="Right" />
    </group>
    <group value="CodeWithMeToolbarGroupNewUi" is_group="true" forse_popup="false" action_type="-1" position="4">
      <path value="root" />
      <path value="Main Toolbar" />
      <path value="Right" />
    </group>
    <group value="main.toolbar.Project" is_action="true" action_type="-1" position="1">
      <path value="root" />
      <path value="Main Toolbar" />
      <path value="Left" />
    </group>
    <group value="NewUI_UnityToolbarActions" is_group="true" forse_popup="false" action_type="-1" position="1">
      <path value="root" />
      <path value="Main Toolbar" />
      <path value="Center" />
    </group>
    <group value="MainToolBarNavigation" is_group="true" forse_popup="false" action_type="-1" position="0">
      <path value="root" />
      <path value="Main Toolbar" />
      <path value="Left" />
    </group>
  </component>
</application>