<application>
  <component name="LafManager" autodetect="false">
    <laf class-name="com.intellij.ide.ui.laf.darcula.DarculaLaf" themeId="ee2824b3-c1d9-44fa-8b64-de6fe5dd8e37" />
    <lafs-to-previous-schemes>
      <laf-to-scheme laf="Dark" scheme="_@user_Rider Dark" />
      <laf-to-scheme laf="Dracula" scheme="_@user_Rider Dark" />
      <laf-to-scheme laf="Dracula Colorful" scheme="_@user_Dracula Colorful" />
      <laf-to-scheme laf="Rider Dark" scheme="_@user_Rider Dark" />
    </lafs-to-previous-schemes>
  </component>
</application>