<application>
  <component name="LafManager">
    <lafs-to-previous-schemes>
      <laf-to-scheme laf="Darcula" scheme="_@user_Rider Dark" />
      <laf-to-scheme laf="Dracula" scheme="_@user_Rider Dark" />
      <laf-to-scheme laf="Dracula Colorful" scheme="_@user_Dracula Colorful" />
      <laf-to-scheme laf="PALENIGHT" scheme="_@user_Rider Melon Dark" />
      <laf-to-scheme laf="Rider Dark" scheme="_@user_Rider Dark" />
      <laf-to-scheme laf="RiderNight" scheme="_@user_Catppuccin Mocha" />
      <laf-to-scheme laf="com.github.catppuccin.mocha.jetbrains" scheme="_@user_Default" />
    </lafs-to-previous-schemes>
  </component>
</application>