<application>
  <component name="NodeJsLocalInterpreterManager">
    <local-interpreter path="/bin/node">
      <version-cache version="12.22.9" last-modified="1644381698000" />
    </local-interpreter>
    <local-interpreter path="$USER_HOME$/.nvm/versions/node/v18.16.1/bin/node">
      <version-cache version="18.16.1" last-modified="1687272012000" />
    </local-interpreter>
    <local-interpreter path="/usr/bin/node">
      <version-cache version="12.22.9" last-modified="1644381698000" />
    </local-interpreter>
  </component>
</application>