<application>
  <component name="DimensionService">
    <location key="find.popup.0.0.2560.1440" x="917" y="424" />
    <location key="find.popup.2560.0.2560.1440" x="3588" y="143" />
    <location key="REMOTE_DEVELOPMENT_CONNECTION.2560.0.2560.1440" x="3435" y="380" />
    <location key="REMOTE_DEVELOPMENT_CONNECTION.0.0.2560.1440" x="875" y="365" />
    <size key="GridCell.Tab.0.left.0.0.2560.1440" width="2560" height="405" />
    <size key="GridCell.Tab.0.center.0.0.2560.1440" width="2560" height="405" />
    <size key="GridCell.Tab.0.right.0.0.2560.1440" width="2560" height="405" />
    <size key="GridCell.Tab.0.bottom.0.0.2560.1440" width="2560" height="405" />
    <size key="GridCell.Tab.1.left.0.0.2560.1440" width="2560" height="405" />
    <size key="GridCell.Tab.1.center.0.0.2560.1440" width="2560" height="405" />
    <size key="GridCell.Tab.1.right.0.0.2560.1440" width="2560" height="405" />
    <size key="GridCell.Tab.1.bottom.0.0.2560.1440" width="2560" height="405" />
    <size key="GridCell.Tab.2.left.0.0.2560.1440" width="2560" height="405" />
    <size key="GridCell.Tab.2.center.0.0.2560.1440" width="2560" height="405" />
    <size key="GridCell.Tab.2.right.0.0.2560.1440" width="2560" height="405" />
    <size key="GridCell.Tab.2.bottom.0.0.2560.1440" width="2560" height="405" />
    <size key="GridCell.Tab.3.left.0.0.2560.1440" width="2560" height="405" />
    <size key="GridCell.Tab.3.center.0.0.2560.1440" width="2560" height="405" />
    <size key="GridCell.Tab.3.right.0.0.2560.1440" width="2560" height="405" />
    <size key="GridCell.Tab.3.bottom.0.0.2560.1440" width="2560" height="405" />
    <size key="GridCell.Tab.4.left.0.0.2560.1440" width="2560" height="405" />
    <size key="GridCell.Tab.4.center.0.0.2560.1440" width="2560" height="405" />
    <size key="GridCell.Tab.4.right.0.0.2560.1440" width="2560" height="405" />
    <size key="GridCell.Tab.4.bottom.0.0.2560.1440" width="2560" height="405" />
    <size key="find.popup.0.0.2560.1440" width="1001" height="638" />
    <size key="GridCell.Tab.0.left.2560.0.2560.1440" width="2560" height="433" />
    <size key="GridCell.Tab.0.center.2560.0.2560.1440" width="2560" height="433" />
    <size key="GridCell.Tab.0.right.2560.0.2560.1440" width="2560" height="433" />
    <size key="GridCell.Tab.0.bottom.2560.0.2560.1440" width="2560" height="433" />
    <size key="GridCell.Tab.1.left.2560.0.2560.1440" width="2560" height="433" />
    <size key="GridCell.Tab.1.center.2560.0.2560.1440" width="2560" height="433" />
    <size key="GridCell.Tab.1.right.2560.0.2560.1440" width="2560" height="433" />
    <size key="GridCell.Tab.1.bottom.2560.0.2560.1440" width="2560" height="433" />
    <size key="GridCell.Tab.2.left.2560.0.2560.1440" width="2560" height="433" />
    <size key="GridCell.Tab.2.center.2560.0.2560.1440" width="2560" height="433" />
    <size key="GridCell.Tab.2.right.2560.0.2560.1440" width="2560" height="433" />
    <size key="GridCell.Tab.2.bottom.2560.0.2560.1440" width="2560" height="433" />
    <size key="GridCell.Tab.3.left.2560.0.2560.1440" width="2560" height="433" />
    <size key="GridCell.Tab.3.center.2560.0.2560.1440" width="2560" height="433" />
    <size key="GridCell.Tab.3.right.2560.0.2560.1440" width="2560" height="433" />
    <size key="GridCell.Tab.3.bottom.2560.0.2560.1440" width="2560" height="433" />
    <size key="GridCell.Tab.4.left.2560.0.2560.1440" width="2560" height="433" />
    <size key="GridCell.Tab.4.center.2560.0.2560.1440" width="2560" height="433" />
    <size key="GridCell.Tab.4.right.2560.0.2560.1440" width="2560" height="433" />
    <size key="GridCell.Tab.4.bottom.2560.0.2560.1440" width="2560" height="433" />
    <size key="GridCell.Tab.5.left.0.0.2560.1440" width="2560" height="405" />
    <size key="GridCell.Tab.5.center.0.0.2560.1440" width="2560" height="405" />
    <size key="GridCell.Tab.5.right.0.0.2560.1440" width="2560" height="405" />
    <size key="GridCell.Tab.5.bottom.0.0.2560.1440" width="2560" height="405" />
    <size key="GridCell.Tab.5.left.2560.0.2560.1440" width="2560" height="433" />
    <size key="GridCell.Tab.5.center.2560.0.2560.1440" width="2560" height="433" />
    <size key="GridCell.Tab.5.right.2560.0.2560.1440" width="2560" height="433" />
    <size key="GridCell.Tab.5.bottom.2560.0.2560.1440" width="2560" height="433" />
    <size key="find.popup.2560.0.2560.1440" width="804" height="528" />
    <size key="REMOTE_DEVELOPMENT_CONNECTION.2560.0.2560.1440" width="810" height="680" />
    <size key="REMOTE_DEVELOPMENT_CONNECTION.0.0.2560.1440" width="810" height="680" />
    <size key="GridCell.Tab.6.left.0.0.2560.1440" width="2560" height="405" />
    <size key="GridCell.Tab.6.center.0.0.2560.1440" width="2560" height="405" />
    <size key="GridCell.Tab.6.right.0.0.2560.1440" width="2560" height="405" />
    <size key="GridCell.Tab.6.bottom.0.0.2560.1440" width="2560" height="405" />
    <size key="GridCell.Tab.6.left.2560.0.2560.1440" width="2560" height="433" />
    <size key="GridCell.Tab.6.center.2560.0.2560.1440" width="2560" height="433" />
    <size key="GridCell.Tab.6.right.2560.0.2560.1440" width="2560" height="433" />
    <size key="GridCell.Tab.6.bottom.2560.0.2560.1440" width="2560" height="433" />
  </component>
  <component name="WindowManager">
    <frame x="580" y="220" width="1400" height="1000" />
  </component>
  <component name="WindowStateApplicationService">
    <state x="900" y="444" width="750" height="519" key="APPLICATION_WIDE_STORE_#rider.projectView.actions.properties.EditPropertiesDialogProject" timestamp="1734374951546">
      <screen x="0" y="0" width="2560" height="1440" />
    </state>
    <state x="900" y="444" width="750" height="519" key="APPLICATION_WIDE_STORE_#rider.projectView.actions.properties.EditPropertiesDialogProject/0.0.2560.1440/2560.0.2560.1440" timestamp="1734374951546" />
    <state x="950" y="514" width="650" height="379" key="APPLICATION_WIDE_STORE_#rider.projectView.actions.properties.EditPropertiesDialogSolution" timestamp="1734633941112">
      <screen x="0" y="0" width="2560" height="1440" />
    </state>
    <state x="950" y="514" width="650" height="379" key="APPLICATION_WIDE_STORE_#rider.projectView.actions.properties.EditPropertiesDialogSolution/0.0.2560.1440/2560.0.2560.1440" timestamp="1734633941112" />
    <state width="530" height="296" key="ShowUsagesActions.dimensionServiceKey" timestamp="1742935627820">
      <screen x="0" y="0" width="2560" height="1440" />
    </state>
    <state width="530" height="296" key="ShowUsagesActions.dimensionServiceKey/0.0.2560.1440/2560.0.2560.1440" timestamp="1742935627820" />
    <state x="1280" y="705" width="1280" height="1410" key="WELCOME_SCREEN" timestamp="1742201769129">
      <screen x="0" y="0" width="2560" height="1440" />
    </state>
    <state x="1280" y="705" width="1280" height="1410" key="WELCOME_SCREEN/0.0.2560.1440/2560.0.2560.1440" timestamp="1742201769129" />
  </component>
</application>