<keymap version="1" name="my" parent="Visual Studio">
  <action id="ActivateBigDataToolWindowToolWindow">
    <keyboard-shortcut first-keystroke="shift ctrl alt b" />
  </action>
  <action id="ActivateBookmarksToolWindow" />
  <action id="ActivateCommitToolWindow">
    <keyboard-shortcut first-keystroke="alt 2" />
  </action>
  <action id="ActivateFindToolWindow">
    <keyboard-shortcut first-keystroke="alt 4" />
  </action>
  <action id="ActivateRunToolWindow" />
  <action id="ActivateServicesToolWindow">
    <keyboard-shortcut first-keystroke="ctrl alt released x" />
  </action>
  <action id="ActivateTerminalToolWindow">
    <keyboard-shortcut first-keystroke="ctrl alt 1" />
    <keyboard-shortcut first-keystroke="alt 3" />
  </action>
  <action id="ChangesView.GroupBy.Directory" />
  <action id="CloseAllEditors">
    <keyboard-shortcut first-keystroke="alt w" second-keystroke="alt e" />
  </action>
  <action id="GotoFile">
    <keyboard-shortcut first-keystroke="shift ctrl t" />
    <keyboard-shortcut first-keystroke="ctrl alt p" />
  </action>
  <action id="ShowHoverInfo">
    <keyboard-shortcut first-keystroke="shift ctrl alt o" second-keystroke="shift ctrl alt p" />
  </action>
  <action id="TodoViewGroupByShowPackages" />
  <action id="Tree-selectChild">
    <keyboard-shortcut first-keystroke="right" />
    <keyboard-shortcut first-keystroke="l" />
  </action>
  <action id="Tree-selectNext">
    <keyboard-shortcut first-keystroke="down" />
    <keyboard-shortcut first-keystroke="j" />
  </action>
  <action id="Tree-selectParent">
    <keyboard-shortcut first-keystroke="left" />
    <keyboard-shortcut first-keystroke="h" />
  </action>
  <action id="Tree-selectPrevious">
    <keyboard-shortcut first-keystroke="up" />
    <keyboard-shortcut first-keystroke="k" />
  </action>
  <action id="UsageGrouping.Directory" />
  <action id="XDebugger.AttachToProcess" />
  <action id="copilot.disposeInlays" />
</keymap>